/*
SQLyog Ultimate v13.1.1 (64 bit)
MySQL - 8.0.30 : Database - canastainversa
*********************************************************************
*/

/*!40101 SET NAMES utf8 */;

/*!40101 SET SQL_MODE=''*/;

/*!40014 SET @OLD_UNIQUE_CHECKS=@@UNIQUE_CHECKS, UNIQUE_CHECKS=0 */;
/*!40014 SET @OLD_FOREIGN_KEY_CHECKS=@@FOREIGN_KEY_CHECKS, FOREIGN_KEY_CHECKS=0 */;
/*!40101 SET @OLD_SQL_MODE=@@SQL_MODE, SQL_MODE='NO_AUTO_VALUE_ON_ZERO' */;
/*!40111 SET @OLD_SQL_NOTES=@@SQL_NOTES, SQL_NOTES=0 */;
CREATE DATABASE /*!32312 IF NOT EXISTS*/`canastainversa` /*!40100 DEFAULT CHARACTER SET utf8mb4 COLLATE utf8mb4_0900_ai_ci */ /*!80016 DEFAULT ENCRYPTION='N' */;

/*Table structure for table `barrios` */

DROP TABLE IF EXISTS `barrios`;

CREATE TABLE `barrios` (
  `id` bigint unsigned NOT NULL AUTO_INCREMENT,
  `tipo` enum('BARRIO','COMUNIDAD') DEFAULT NULL,
  `nombre` varchar(100) DEFAULT NULL,
  `distrito_id` bigint unsigned NOT NULL,
  `estado` enum('HABILITADO','NO HABILITADO') DEFAULT NULL,
  `created_at` timestamp NULL DEFAULT NULL,
  `updated_at` timestamp NULL DEFAULT NULL,
  `deleted_at` timestamp NULL DEFAULT NULL,
  PRIMARY KEY (`id`)
) ENGINE=InnoDB AUTO_INCREMENT=161 DEFAULT CHARSET=utf8mb4 COLLATE=utf8mb4_0900_ai_ci;

/*Data for the table `barrios` */

insert  into `barrios`(`id`,`tipo`,`nombre`,`distrito_id`,`estado`,`created_at`,`updated_at`,`deleted_at`) values 
(1,'BARRIO','SION',5,'HABILITADO','2026-03-17 01:31:42','2026-03-17 01:31:42',NULL),
(2,'COMUNIDAD','YEROVIARENDA',1,'HABILITADO','2026-03-17 01:31:42','2026-03-17 01:31:42',NULL),
(3,'BARRIO','PERIODISTAS',5,'HABILITADO','2026-03-17 01:31:42','2026-03-17 01:31:42',NULL),
(4,'BARRIO','EL CHAQUEÑO',5,'HABILITADO','2026-03-17 01:31:42','2026-03-17 01:31:42',NULL),
(5,'COMUNIDAD','LAGUNA CHICA',1,'HABILITADO','2026-03-17 01:31:42','2026-03-17 01:31:42',NULL),
(6,'COMUNIDAD','INTI LA COSTA',2,'HABILITADO','2026-03-17 01:31:42','2026-03-17 01:31:42',NULL),
(7,'BARRIO','24 DE MARZO',5,'HABILITADO','2026-03-17 01:31:42','2026-03-17 01:31:42',NULL),
(8,'COMUNIDAD','LA PURISIMA',4,'HABILITADO','2026-03-17 01:31:42','2026-03-17 01:31:42',NULL),
(9,'COMUNIDAD','PANANTI APG',2,'HABILITADO','2026-03-17 01:31:42','2026-03-17 01:31:42',NULL),
(10,'BARRIO','URBANIZACION BELLA VISTA 1',5,'HABILITADO','2026-03-17 01:31:42','2026-03-17 01:31:42',NULL),
(11,'COMUNIDAD','LA ESTRELLA',4,'HABILITADO','2026-03-17 01:31:42','2026-03-17 01:31:42',NULL),
(12,'COMUNIDAD','SAN BASILIO',4,'NO HABILITADO','2026-03-17 01:31:42','2026-03-17 01:31:42',NULL),
(13,'COMUNIDAD','EL BRIALITO',4,'HABILITADO','2026-03-17 01:31:42','2026-03-17 01:31:42',NULL),
(14,'COMUNIDAD','LA FORTALEZA',4,'HABILITADO','2026-03-17 01:31:42','2026-03-17 01:31:42',NULL),
(15,'BARRIO','URBANIZACION BELLA VISTA II',5,'HABILITADO','2026-03-17 01:31:42','2026-03-17 01:31:42',NULL),
(16,'COMUNIDAD','YUQUIRENDA',1,'HABILITADO','2026-03-17 01:31:42','2026-03-17 01:31:42',NULL),
(17,'COMUNIDAD','YUCHAN',4,'HABILITADO','2026-03-17 01:31:42','2026-03-17 01:31:42',NULL),
(18,'COMUNIDAD','YATEBUTE LOS NARANJOS',3,'HABILITADO','2026-03-17 01:31:42','2026-03-17 01:31:42',NULL),
(19,'COMUNIDAD','VILLA SAN ANTONIO',2,'HABILITADO','2026-03-17 01:31:42','2026-03-17 01:31:42',NULL),
(20,'COMUNIDAD','VILLA PRIMAVERA',3,'HABILITADO','2026-03-17 01:31:42','2026-03-17 01:31:42',NULL),
(21,'COMUNIDAD','TOBA ESCAYANTAL',4,'HABILITADO','2026-03-17 01:31:42','2026-03-17 01:31:42',NULL),
(22,'COMUNIDAD','TIMBOY',3,'HABILITADO','2026-03-17 01:31:42','2026-03-17 01:31:42',NULL),
(23,'COMUNIDAD','SUNCHAL',3,'HABILITADO','2026-03-17 01:31:42','2026-03-17 01:31:42',NULL),
(24,'COMUNIDAD','SOTOS LA VERTIENTE',3,'HABILITADO','2026-03-17 01:31:42','2026-03-17 01:31:42',NULL),
(25,'COMUNIDAD','SANANDITA VIEJO',3,'HABILITADO','2026-03-17 01:31:42','2026-03-17 01:31:42',NULL),
(26,'COMUNIDAD','SAN ISIDRO SUD OESTE',1,'HABILITADO','2026-03-17 01:31:42','2026-03-17 01:31:42',NULL),
(27,'COMUNIDAD','SALITRAL CAMPO VERDE',1,'HABILITADO','2026-03-17 01:31:42','2026-03-17 01:31:42',NULL),
(28,'COMUNIDAD','SACHAPERA',3,'HABILITADO','2026-03-17 01:31:42','2026-03-17 01:31:42',NULL),
(29,'COMUNIDAD','QUEBRACHAL NUEVO',3,'HABILITADO','2026-03-17 01:31:42','2026-03-17 01:31:42',NULL),
(30,'COMUNIDAD','PUEBLO NUEVO',1,'HABILITADO','2026-03-17 01:31:42','2026-03-17 01:31:42',NULL),
(31,'COMUNIDAD','PARALELO 22',4,'HABILITADO','2026-03-17 01:31:42','2026-03-17 01:31:42',NULL),
(32,'COMUNIDAD','PALO MARCADO',3,'HABILITADO','2026-03-17 01:31:42','2026-03-17 01:31:42',NULL),
(33,'COMUNIDAD','PALMITO TIMBOY',3,'HABILITADO','2026-03-17 01:31:42','2026-03-17 01:31:42',NULL),
(34,'COMUNIDAD','PALMAR GRANDE',3,'HABILITADO','2026-03-17 01:31:42','2026-03-17 01:31:42',NULL),
(35,'COMUNIDAD','PALMAR ESTACION',3,'HABILITADO','2026-03-17 01:31:42','2026-03-17 01:31:42',NULL),
(36,'COMUNIDAD','OJO DEL AGUA',1,'HABILITADO','2026-03-17 01:31:42','2026-03-17 01:31:42',NULL),
(37,'COMUNIDAD','NUEVO AMANECER',2,'HABILITADO','2026-03-17 01:31:42','2026-03-17 01:31:42',NULL),
(38,'COMUNIDAD','MORA NUEVA',4,'HABILITADO','2026-03-17 01:31:42','2026-03-17 01:31:42',NULL),
(39,'COMUNIDAD','LOS SOTOS',3,'HABILITADO','2026-03-17 01:31:42','2026-03-17 01:31:42',NULL),
(40,'COMUNIDAD','LLANURA SECA',4,'HABILITADO','2026-03-17 01:31:42','2026-03-17 01:31:42',NULL),
(41,'COMUNIDAD','LIMITAS',1,'HABILITADO','2026-03-17 01:31:42','2026-03-17 01:31:42',NULL),
(42,'COMUNIDAD','LAS ABRAS',3,'HABILITADO','2026-03-17 01:31:42','2026-03-17 01:31:42',NULL),
(43,'COMUNIDAD','LAPACHAL ALTO',1,'HABILITADO','2026-03-17 01:31:42','2026-03-17 01:31:42',NULL),
(44,'COMUNIDAD','LA SALADA',1,'HABILITADO','2026-03-17 01:31:42','2026-03-17 01:31:42',NULL),
(45,'COMUNIDAD','LA GRAMPA',1,'HABILITADO','2026-03-17 01:31:42','2026-03-17 01:31:42',NULL),
(46,'COMUNIDAD','LA FRONTERA',4,'HABILITADO','2026-03-17 01:31:42','2026-03-17 01:31:42',NULL),
(47,'COMUNIDAD','LA ESQUINA',4,'HABILITADO','2026-03-17 01:31:42','2026-03-17 01:31:42',NULL),
(48,'COMUNIDAD','LA ENCRUCIJADA',2,'NO HABILITADO','2026-03-17 01:31:42','2026-03-17 01:31:42',NULL),
(49,'COMUNIDAD','LA BAJADA',4,'HABILITADO','2026-03-17 01:31:42','2026-03-17 01:31:42',NULL),
(50,'COMUNIDAD','ITAVICUA',1,'HABILITADO','2026-03-17 01:31:42','2026-03-17 01:31:42',NULL),
(51,'COMUNIDAD','GUARANI TEMBIPE',1,'HABILITADO','2026-03-17 01:31:42','2026-03-17 01:31:42',NULL),
(52,'COMUNIDAD','EL RETIRO',4,'HABILITADO','2026-03-17 01:31:42','2026-03-17 01:31:42',NULL),
(53,'COMUNIDAD','EL QUINCHAU',3,'HABILITADO','2026-03-17 01:31:42','2026-03-17 01:31:42',NULL),
(54,'COMUNIDAD','EL QUEBRACHAL',1,'HABILITADO','2026-03-17 01:31:42','2026-03-17 01:31:42',NULL),
(55,'COMUNIDAD','PELICANO',4,'HABILITADO','2026-03-17 01:31:42','2026-03-17 01:31:42',NULL),
(56,'COMUNIDAD','PALMAR CHICO',1,'HABILITADO','2026-03-17 01:31:42','2026-03-17 01:31:42',NULL),
(57,'COMUNIDAD','BARRIAL',2,'HABILITADO','2026-03-17 01:31:42','2026-03-17 01:31:42',NULL),
(58,'COMUNIDAD','BAGUAL',2,'HABILITADO','2026-03-17 01:31:42','2026-03-17 01:31:42',NULL),
(59,'COMUNIDAD','EL ARCA',4,'HABILITADO','2026-03-17 01:31:42','2026-03-17 01:31:42',NULL),
(60,'COMUNIDAD','AGUERO',1,'HABILITADO','2026-03-17 01:31:42','2026-03-17 01:31:42',NULL),
(61,'COMUNIDAD','EBENEZER',4,'HABILITADO','2026-03-17 01:31:42','2026-03-17 01:31:42',NULL),
(62,'COMUNIDAD','DORBIGNI',4,'HABILITADO','2026-03-17 01:31:42','2026-03-17 01:31:42',NULL),
(63,'COMUNIDAD','DEFENSORES DEL CHACO',3,'HABILITADO','2026-03-17 01:31:42','2026-03-17 01:31:42',NULL),
(64,'COMUNIDAD','YAGUACUA',3,'HABILITADO','2026-03-17 01:31:42','2026-03-17 01:31:42',NULL),
(65,'COMUNIDAD','VILLA EL CARMEN',2,'HABILITADO','2026-03-17 01:31:42','2026-03-17 01:31:42',NULL),
(66,'COMUNIDAD','TIERRAS NUEVAS',2,'HABILITADO','2026-03-17 01:31:42','2026-03-17 01:31:42',NULL),
(67,'COMUNIDAD','TATARENDA',2,'HABILITADO','2026-03-17 01:31:42','2026-03-17 01:31:42',NULL),
(68,'COMUNIDAD','SIMBOLAR',2,'HABILITADO','2026-03-17 01:31:42','2026-03-17 01:31:42',NULL),
(69,'COMUNIDAD','SAUSAL',4,'HABILITADO','2026-03-17 01:31:42','2026-03-17 01:31:42',NULL),
(70,'COMUNIDAD','SANTA MARTHA',1,'HABILITADO','2026-03-17 01:31:42','2026-03-17 01:31:42',NULL),
(71,'COMUNIDAD','SANANDITA',3,'HABILITADO','2026-03-17 01:31:42','2026-03-17 01:31:42',NULL),
(72,'COMUNIDAD','SAN ISIDRO',1,'HABILITADO','2026-03-17 01:31:42','2026-03-17 01:31:42',NULL),
(73,'COMUNIDAD','SAN FRANCISCO DEL INTI',2,'HABILITADO','2026-03-17 01:31:42','2026-03-17 01:31:42',NULL),
(74,'COMUNIDAD','PEÑA COLORADA',1,'HABILITADO','2026-03-17 01:31:42','2026-03-17 01:31:42',NULL),
(75,'COMUNIDAD','PANANTI CAMPESINO',2,'HABILITADO','2026-03-17 01:31:42','2026-03-17 01:31:42',NULL),
(76,'COMUNIDAD','MORA VIEJA',4,'HABILITADO','2026-03-17 01:31:42','2026-03-17 01:31:42',NULL),
(77,'COMUNIDAD','LAGUNA SECA',1,'HABILITADO','2026-03-17 01:31:42','2026-03-17 01:31:42',NULL),
(78,'COMUNIDAD','LA VICTORIA',4,'HABILITADO','2026-03-17 01:31:42','2026-03-17 01:31:42',NULL),
(79,'COMUNIDAD','GUASURENDA',3,'HABILITADO','2026-03-17 01:31:42','2026-03-17 01:31:42',NULL),
(80,'COMUNIDAD','CREVAUX',4,'HABILITADO','2026-03-17 01:31:42','2026-03-17 01:31:42',NULL),
(81,'COMUNIDAD','CAÑITAS',1,'HABILITADO','2026-03-17 01:31:42','2026-03-17 01:31:42',NULL),
(82,'COMUNIDAD','CAMPO PAJOSO',1,'HABILITADO','2026-03-17 01:31:42','2026-03-17 01:31:42',NULL),
(83,'COMUNIDAD','BUSUY',2,'HABILITADO','2026-03-17 01:31:42','2026-03-17 01:31:42',NULL),
(84,'COMUNIDAD','AYURURENDA',1,'NO HABILITADO','2026-03-17 01:31:42','2026-03-17 01:31:42',NULL),
(85,'COMUNIDAD','AGUAYRENDA',1,'HABILITADO','2026-03-17 01:31:42','2026-03-17 01:31:42',NULL),
(86,'COMUNIDAD','CHIRIMOYAL',2,'HABILITADO','2026-03-17 01:31:42','2026-03-17 01:31:42',NULL),
(87,'COMUNIDAD','CHACO LA VERTIENTE',2,'HABILITADO','2026-03-17 01:31:42','2026-03-17 01:31:42',NULL),
(88,'COMUNIDAD','CEIBALITO',2,'HABILITADO','2026-03-17 01:31:42','2026-03-17 01:31:42',NULL),
(89,'COMUNIDAD','CAÑON OCULTO',1,'HABILITADO','2026-03-17 01:31:42','2026-03-17 01:31:42',NULL),
(90,'COMUNIDAD','CAMPO VERDE SUR',1,'HABILITADO','2026-03-17 01:31:42','2026-03-17 01:31:42',NULL),
(91,'COMUNIDAD','CAMPO GRANDE',1,'HABILITADO','2026-03-17 01:31:42','2026-03-17 01:31:42',NULL),
(92,'COMUNIDAD','CAMPO ALEGRE',2,'HABILITADO','2026-03-17 01:31:42','2026-03-17 01:31:42',NULL),
(93,'COMUNIDAD','CAMPESINA PIRITIGUAZU',2,'NO HABILITADO','2026-03-17 01:31:42','2026-03-17 01:31:42',NULL),
(94,'COMUNIDAD','CAMPESINA PILCOMAYO',4,'HABILITADO','2026-03-17 01:31:42','2026-03-17 01:31:42',NULL),
(95,'COMUNIDAD','CAMP. EL ALGARROBAL',1,'HABILITADO','2026-03-17 01:31:42','2026-03-17 01:31:42',NULL),
(96,'COMUNIDAD','COM. CAMP. CANTO DEL MONTE',4,'HABILITADO','2026-03-17 01:31:42','2026-03-17 01:31:42',NULL),
(97,'COMUNIDAD','CAMPESINA CAMPO NUÑEZ',1,'HABILITADO','2026-03-17 01:31:42','2026-03-17 01:31:42',NULL),
(98,'COMUNIDAD','CAIZA VILLA INGAVI',2,'HABILITADO','2026-03-17 01:31:42','2026-03-17 01:31:42',NULL),
(99,'COMUNIDAD','CAIZA ESTACION',2,'HABILITADO','2026-03-17 01:31:42','2026-03-17 01:31:42',NULL),
(100,'COMUNIDAD','CAIPITANDI MOLLEJON',1,'HABILITADO','2026-03-17 01:31:42','2026-03-17 01:31:42',NULL),
(101,'COMUNIDAD','CAIPITANDI',1,'HABILITADO','2026-03-17 01:31:42','2026-03-17 01:31:42',NULL),
(102,'COMUNIDAD','BARRO NEGRO',1,'HABILITADO','2026-03-17 01:31:42','2026-03-17 01:31:42',NULL),
(103,'COMUNIDAD','BAJADA BAYA',1,'HABILITADO','2026-03-17 01:31:42','2026-03-17 01:31:42',NULL),
(104,'COMUNIDAD','ALGARROBITO SUR',4,'HABILITADO','2026-03-17 01:31:42','2026-03-17 01:31:42',NULL),
(105,'COMUNIDAD','ALGARROBITO NORTE',4,'HABILITADO','2026-03-17 01:31:42','2026-03-17 01:31:42',NULL),
(106,'COMUNIDAD','AGUARAY',3,'HABILITADO','2026-03-17 01:31:42','2026-03-17 01:31:42',NULL),
(107,'COMUNIDAD','15 DE AGOSTO',1,'HABILITADO','2026-03-17 01:31:42','2026-03-17 01:31:42',NULL),
(108,'COMUNIDAD','COL.PROD. FISCAL EL PALMAR',1,'HABILITADO','2026-03-17 01:31:42','2026-03-17 01:31:42',NULL),
(109,'BARRIO','VIRGEN DE GUADALUPE',5,'HABILITADO','2026-03-17 01:31:42','2026-03-17 01:31:42',NULL),
(110,'BARRIO','VALENTINA',5,'HABILITADO','2026-03-17 01:31:42','2026-03-17 01:31:42',NULL),
(111,'BARRIO','SOBERANIA',8,'HABILITADO','2026-03-17 01:31:42','2026-03-17 01:31:42',NULL),
(112,'BARRIO','SANTA CANDELARIA',5,'HABILITADO','2026-03-17 01:31:42','2026-03-17 01:31:42',NULL),
(113,'BARRIO','SAN PEDRO',6,'HABILITADO','2026-03-17 01:31:42','2026-03-17 01:31:42',NULL),
(114,'BARRIO','SAN MIGUEL',5,'HABILITADO','2026-03-17 01:31:42','2026-03-17 01:31:42',NULL),
(115,'BARRIO','SAN JUAN',5,'HABILITADO','2026-03-17 01:31:42','2026-03-17 01:31:42',NULL),
(116,'BARRIO','SAN JOSE OBRERO',7,'HABILITADO','2026-03-17 01:31:42','2026-03-17 01:31:42',NULL),
(117,'BARRIO','SAN JOSE CENTRO',8,'HABILITADO','2026-03-17 01:31:42','2026-03-17 01:31:42',NULL),
(118,'BARRIO','SAN GERONIMO',5,'HABILITADO','2026-03-17 01:31:42','2026-03-17 01:31:42',NULL),
(119,'BARRIO','SAN FRANCISCO',6,'HABILITADO','2026-03-17 01:31:42','2026-03-17 01:31:42',NULL),
(120,'BARRIO','PRIMAVERA',8,'HABILITADO','2026-03-17 01:31:42','2026-03-17 01:31:42',NULL),
(121,'BARRIO','PETROLERO',5,'HABILITADO','2026-03-17 01:31:42','2026-03-17 01:31:42',NULL),
(122,'BARRIO','PACARA',5,'HABILITADO','2026-03-17 01:31:42','2026-03-17 01:31:42',NULL),
(123,'BARRIO','NACIONAL',5,'HABILITADO','2026-03-17 01:31:42','2026-03-17 01:31:42',NULL),
(124,'BARRIO','MUNICIPAL',7,'HABILITADO','2026-03-17 01:31:42','2026-03-17 01:31:42',NULL),
(125,'BARRIO','MONTE REDONDO',5,'HABILITADO','2026-03-17 01:31:42','2026-03-17 01:31:42',NULL),
(126,'BARRIO','MIRAFLORES',5,'HABILITADO','2026-03-17 01:31:42','2026-03-17 01:31:42',NULL),
(127,'BARRIO','LUZ Y FUERZA',6,'HABILITADO','2026-03-17 01:31:42','2026-03-17 01:31:42',NULL),
(128,'BARRIO','LOURDES',6,'HABILITADO','2026-03-17 01:31:42','2026-03-17 01:31:42',NULL),
(129,'BARRIO','LOS PARAISOS',5,'HABILITADO','2026-03-17 01:31:42','2026-03-17 01:31:42',NULL),
(130,'BARRIO','LOS LAPACHOS',6,'HABILITADO','2026-03-17 01:31:42','2026-03-17 01:31:42',NULL),
(131,'BARRIO','LAS DELICIAS',7,'HABILITADO','2026-03-17 01:31:42','2026-03-17 01:31:42',NULL),
(132,'BARRIO','LAPACHAL BAJO',5,'HABILITADO','2026-03-17 01:31:42','2026-03-17 01:31:42',NULL),
(133,'BARRIO','LA PLAYA',7,'HABILITADO','2026-03-17 01:31:42','2026-03-17 01:31:42',NULL),
(134,'BARRIO','LA FLORIDA',5,'HABILITADO','2026-03-17 01:31:42','2026-03-17 01:31:42',NULL),
(135,'BARRIO','LA CRUZ',7,'HABILITADO','2026-03-17 01:31:42','2026-03-17 01:31:42',NULL),
(136,'BARRIO','JUAN XXIII',7,'HABILITADO','2026-03-17 01:31:42','2026-03-17 01:31:42',NULL),
(137,'BARRIO','HEROES DEL CHACO YACUIBA',5,'HABILITADO','2026-03-17 01:31:42','2026-03-17 01:31:42',NULL),
(138,'BARRIO','HEROES DEL CHACO POCITOS',8,'HABILITADO','2026-03-17 01:31:42','2026-03-17 01:31:42',NULL),
(139,'BARRIO','GREMIAL',5,'HABILITADO','2026-03-17 01:31:42','2026-03-17 01:31:42',NULL),
(140,'BARRIO','FRAY QUEBRACHO',7,'HABILITADO','2026-03-17 01:31:42','2026-03-17 01:31:42',NULL),
(141,'BARRIO','FERROVIARIO',6,'HABILITADO','2026-03-17 01:31:42','2026-03-17 01:31:42',NULL),
(142,'BARRIO','EL PRADO',5,'HABILITADO','2026-03-17 01:31:42','2026-03-17 01:31:42',NULL),
(143,'BARRIO','EL PORVENIR',5,'HABILITADO','2026-03-17 01:31:42','2026-03-17 01:31:42',NULL),
(144,'BARRIO','EL JARDIN',7,'HABILITADO','2026-03-17 01:31:42','2026-03-17 01:31:42',NULL),
(145,'BARRIO','EL CHAQUEÑITO',7,'HABILITADO','2026-03-17 01:31:42','2026-03-17 01:31:42',NULL),
(146,'BARRIO','EL CARMEN',6,'HABILITADO','2026-03-17 01:31:42','2026-03-17 01:31:42',NULL),
(147,'BARRIO','DEFENSORES',8,'HABILITADO','2026-03-17 01:31:42','2026-03-17 01:31:42',NULL),
(148,'BARRIO','CENTRO SUR',6,'HABILITADO','2026-03-17 01:31:42','2026-03-17 01:31:42',NULL),
(149,'BARRIO','CENTRO NORTE',6,'HABILITADO','2026-03-17 01:31:42','2026-03-17 01:31:42',NULL),
(150,'COMUNIDAD','CAMPESINA PALMARCITO',1,'HABILITADO','2026-03-17 01:31:42','2026-03-17 01:31:42',NULL),
(151,'BARRIO','ATLETICO NORTE',5,'HABILITADO','2026-03-17 01:31:42','2026-03-17 01:31:42',NULL),
(152,'BARRIO','ASERRADERO',7,'HABILITADO','2026-03-17 01:31:42','2026-03-17 01:31:42',NULL),
(153,'BARRIO','ANDALUZ',8,'HABILITADO','2026-03-17 01:31:42','2026-03-17 01:31:42',NULL),
(154,'BARRIO','AMERICANO',6,'HABILITADO','2026-03-17 01:31:42','2026-03-17 01:31:42',NULL),
(155,'BARRIO','AGUARAGUE',5,'HABILITADO','2026-03-17 01:31:42','2026-03-17 01:31:42',NULL),
(156,'BARRIO','AFRICA',8,'HABILITADO','2026-03-17 01:31:42','2026-03-17 01:31:42',NULL),
(157,'BARRIO','27 DE MAYO',8,'HABILITADO','2026-03-17 01:31:42','2026-03-17 01:31:42',NULL),
(158,'BARRIO','19 DE MARZO',8,'HABILITADO','2026-03-17 01:31:42','2026-03-17 01:31:42',NULL),
(159,'BARRIO','12 DE AGOSTO',5,'HABILITADO','2026-03-17 01:31:42','2026-03-17 01:31:42',NULL),
(160,'BARRIO','NUEVA ESPERANZA',5,'HABILITADO','2026-03-17 01:31:42','2026-03-17 01:31:42',NULL);

/*Table structure for table `beneficiarios` */

DROP TABLE IF EXISTS `beneficiarios`;

CREATE TABLE `beneficiarios` (
  `id` bigint unsigned NOT NULL AUTO_INCREMENT,
  `nombre_completo` varchar(255) DEFAULT NULL,
  `ci` varchar(10) DEFAULT NULL,
  `civil` enum('SOLTERO(A)','CASADO(A)','DIVORCIADO(A)','VIUDO(A)') DEFAULT NULL,
  `expedido` varchar(10) DEFAULT NULL,
  `sexo` enum('H','M') DEFAULT NULL,
  `fecha_nac` date DEFAULT NULL,
  `inscripcion` timestamp NULL DEFAULT NULL,
  `profesion` varchar(50) DEFAULT NULL,
  `direccion` varchar(255) DEFAULT NULL,
  `ocupacion` varchar(50) DEFAULT NULL,
  `celular` varchar(15) DEFAULT NULL,
  `estado` enum('HABILITADO','BAJA','PENDIENTE','FALLECIDO') DEFAULT NULL,
  `barrio_id` bigint unsigned NOT NULL,
  `created_at` timestamp NULL DEFAULT NULL,
  `updated_at` timestamp NULL DEFAULT NULL,
  `deleted_at` timestamp NULL DEFAULT NULL,
  PRIMARY KEY (`id`)
) ENGINE=InnoDB DEFAULT CHARSET=utf8mb4 COLLATE=utf8mb4_0900_ai_ci;

/*Data for the table `beneficiarios` */

/*Table structure for table `distritos` */

DROP TABLE IF EXISTS `distritos`;

CREATE TABLE `distritos` (
  `id` bigint unsigned NOT NULL AUTO_INCREMENT,
  `distrito` varchar(15) DEFAULT NULL,
  `numero` int unsigned DEFAULT NULL,
  `estado` enum('HABILITADO','NO HABILITADO') DEFAULT NULL,
  `created_at` timestamp NULL DEFAULT NULL,
  `updated_at` timestamp NULL DEFAULT NULL,
  `deleted_at` timestamp NULL DEFAULT NULL,
  PRIMARY KEY (`id`)
) ENGINE=InnoDB AUTO_INCREMENT=9 DEFAULT CHARSET=utf8mb4 COLLATE=utf8mb4_0900_ai_ci;

/*Data for the table `distritos` */

insert  into `distritos`(`id`,`distrito`,`numero`,`estado`,`created_at`,`updated_at`,`deleted_at`) values 
(1,'DISTRITO 8',8,'HABILITADO','2026-03-17 01:28:26','2026-03-17 01:28:26',NULL),
(2,'DISTRITO 7',7,'HABILITADO','2026-03-17 01:28:26','2026-03-17 01:28:26',NULL),
(3,'DISTRITO 6',6,'HABILITADO','2026-03-17 01:28:26','2026-03-17 01:28:26',NULL),
(4,'DISTRITO 5',5,'HABILITADO','2026-03-17 01:28:26','2026-03-17 01:28:26',NULL),
(5,'DISTRITO 4',4,'HABILITADO','2026-03-17 01:28:26','2026-03-17 01:28:26',NULL),
(6,'DISTRITO 3',3,'HABILITADO','2026-03-17 01:28:26','2026-03-17 01:28:26',NULL),
(7,'DISTRITO 2',2,'HABILITADO','2026-03-17 01:28:26','2026-03-17 01:28:26',NULL),
(8,'DISTRITO 1',1,'NO HABILITADO','2026-03-17 01:28:26','2026-03-17 01:28:26',NULL);

/*Table structure for table `entrega` */

DROP TABLE IF EXISTS `entrega`;

CREATE TABLE `entrega` (
  `id` bigint unsigned NOT NULL AUTO_INCREMENT,
  `ano` int DEFAULT NULL,
  `entrega` int DEFAULT NULL,
  `nombre_completo` varchar(255) DEFAULT NULL,
  `ci` varchar(15) DEFAULT NULL,
  `estado` enum('ENTREGADO','RESAGADO','NO ENTREGADO') DEFAULT NULL,
  `beneficiario_id` bigint unsigned NOT NULL,
  `barrio_id` bigint unsigned NOT NULL,
  `created_at` timestamp NULL DEFAULT NULL,
  `updated_at` timestamp NULL DEFAULT NULL,
  `deleted_at` timestamp NULL DEFAULT NULL,
  PRIMARY KEY (`id`)
) ENGINE=InnoDB DEFAULT CHARSET=utf8mb4 COLLATE=utf8mb4_0900_ai_ci;

/*Data for the table `entrega` */

/*Table structure for table `failed_jobs` */

DROP TABLE IF EXISTS `failed_jobs`;

CREATE TABLE `failed_jobs` (
  `id` bigint unsigned NOT NULL AUTO_INCREMENT,
  `uuid` varchar(255) CHARACTER SET utf8mb4 COLLATE utf8mb4_unicode_ci NOT NULL,
  `connection` text CHARACTER SET utf8mb4 COLLATE utf8mb4_unicode_ci NOT NULL,
  `queue` text CHARACTER SET utf8mb4 COLLATE utf8mb4_unicode_ci NOT NULL,
  `payload` longtext CHARACTER SET utf8mb4 COLLATE utf8mb4_unicode_ci NOT NULL,
  `exception` longtext CHARACTER SET utf8mb4 COLLATE utf8mb4_unicode_ci NOT NULL,
  `failed_at` timestamp NOT NULL DEFAULT CURRENT_TIMESTAMP,
  PRIMARY KEY (`id`),
  UNIQUE KEY `failed_jobs_uuid_unique` (`uuid`)
) ENGINE=InnoDB DEFAULT CHARSET=utf8mb4 COLLATE=utf8mb4_unicode_ci;

/*Data for the table `failed_jobs` */

/*Table structure for table `migrations` */

DROP TABLE IF EXISTS `migrations`;

CREATE TABLE `migrations` (
  `id` int unsigned NOT NULL AUTO_INCREMENT,
  `migration` varchar(255) CHARACTER SET utf8mb4 COLLATE utf8mb4_unicode_ci NOT NULL,
  `batch` int NOT NULL,
  PRIMARY KEY (`id`)
) ENGINE=InnoDB AUTO_INCREMENT=5 DEFAULT CHARSET=utf8mb4 COLLATE=utf8mb4_unicode_ci;

/*Data for the table `migrations` */

insert  into `migrations`(`id`,`migration`,`batch`) values 
(1,'2014_10_12_000000_create_users_table',1),
(2,'2014_10_12_100000_create_password_reset_tokens_table',1),
(3,'2019_08_19_000000_create_failed_jobs_table',1),
(4,'2019_12_14_000001_create_personal_access_tokens_table',1);

/*Table structure for table `password_reset_tokens` */

DROP TABLE IF EXISTS `password_reset_tokens`;

CREATE TABLE `password_reset_tokens` (
  `email` varchar(255) CHARACTER SET utf8mb4 COLLATE utf8mb4_unicode_ci NOT NULL,
  `token` varchar(255) CHARACTER SET utf8mb4 COLLATE utf8mb4_unicode_ci NOT NULL,
  `created_at` timestamp NULL DEFAULT NULL,
  PRIMARY KEY (`email`)
) ENGINE=InnoDB DEFAULT CHARSET=utf8mb4 COLLATE=utf8mb4_unicode_ci;

/*Data for the table `password_reset_tokens` */

/*Table structure for table `personal_access_tokens` */

DROP TABLE IF EXISTS `personal_access_tokens`;

CREATE TABLE `personal_access_tokens` (
  `id` bigint unsigned NOT NULL AUTO_INCREMENT,
  `tokenable_type` varchar(255) CHARACTER SET utf8mb4 COLLATE utf8mb4_unicode_ci NOT NULL,
  `tokenable_id` bigint unsigned NOT NULL,
  `name` varchar(255) CHARACTER SET utf8mb4 COLLATE utf8mb4_unicode_ci NOT NULL,
  `token` varchar(64) CHARACTER SET utf8mb4 COLLATE utf8mb4_unicode_ci NOT NULL,
  `abilities` text CHARACTER SET utf8mb4 COLLATE utf8mb4_unicode_ci,
  `last_used_at` timestamp NULL DEFAULT NULL,
  `expires_at` timestamp NULL DEFAULT NULL,
  `created_at` timestamp NULL DEFAULT NULL,
  `updated_at` timestamp NULL DEFAULT NULL,
  PRIMARY KEY (`id`),
  UNIQUE KEY `personal_access_tokens_token_unique` (`token`),
  KEY `personal_access_tokens_tokenable_type_tokenable_id_index` (`tokenable_type`,`tokenable_id`)
) ENGINE=InnoDB DEFAULT CHARSET=utf8mb4 COLLATE=utf8mb4_unicode_ci;

/*Data for the table `personal_access_tokens` */

/*Table structure for table `users` */

DROP TABLE IF EXISTS `users`;

CREATE TABLE `users` (
  `id` bigint unsigned NOT NULL AUTO_INCREMENT,
  `name` varchar(255) CHARACTER SET utf8mb4 COLLATE utf8mb4_unicode_ci NOT NULL,
  `email` varchar(255) CHARACTER SET utf8mb4 COLLATE utf8mb4_unicode_ci NOT NULL,
  `email_verified_at` timestamp NULL DEFAULT NULL,
  `password` varchar(255) CHARACTER SET utf8mb4 COLLATE utf8mb4_unicode_ci NOT NULL,
  `remember_token` varchar(100) CHARACTER SET utf8mb4 COLLATE utf8mb4_unicode_ci DEFAULT NULL,
  `created_at` timestamp NULL DEFAULT NULL,
  `updated_at` timestamp NULL DEFAULT NULL,
  PRIMARY KEY (`id`),
  UNIQUE KEY `users_email_unique` (`email`)
) ENGINE=InnoDB DEFAULT CHARSET=utf8mb4 COLLATE=utf8mb4_unicode_ci;

/*Data for the table `users` */

/*!40101 SET SQL_MODE=@OLD_SQL_MODE */;
/*!40014 SET FOREIGN_KEY_CHECKS=@OLD_FOREIGN_KEY_CHECKS */;
/*!40014 SET UNIQUE_CHECKS=@OLD_UNIQUE_CHECKS */;
/*!40111 SET SQL_NOTES=@OLD_SQL_NOTES */;
